{
  "goals": {
    "Bench Press (Barbell)": {
      "baseline_1rm": 196.8946894689469,
      "current_1rm": 196.8946894689469,
      "goal_1rm": 236.27362736273625,
      "progress_percentage": 0.0,
      "remaining_lbs": 39.378937893789356,
      "status": "Building Foundation \ud83d\udcaa"
    },
    "Squat (Barbell)": {
      "baseline_1rm": 284.5528455284553,
      "current_1rm": 284.5528455284553,
      "goal_1rm": 341.4634146341463,
      "progress_percentage": 0.0,
      "remaining_lbs": 56.910569105691025,
      "status": "Building Foundation \ud83d\udcaa"
    },
    "Deadlift (Barbell)": {
      "baseline_1rm": 275.65256525652563,
      "current_1rm": 298.15481548154816,
      "goal_1rm": 330.78307830783075,
      "progress_percentage": 40.81632653061229,
      "remaining_lbs": 32.628262826282594,
      "status": "Getting Started \ud83d\ude80"
    },
    "Overhead Press (Barbell)": {
      "baseline_1rm": 105.53762105785944,
      "current_1rm": 105.53762105785944,
      "goal_1rm": 126.64514526943132,
      "progress_percentage": 0.0,
      "remaining_lbs": 21.107524211571885,
      "status": "Building Foundation \ud83d\udcaa"
    }
  },
  "target_date": "End of 2025",
  "days_remaining": 26,
  "year_progress": 92.32876712328768,
  "motivation_message": "You're 92.3% through 2025 with 26 days left to achieve your 20% strength goals! Stay consistent and trust the process."
}